Image,Harris_Count,Harris_Max_Response,Harris_Mean_Response,FAST_Count,SIFT_Count,SIFT_Descriptor_Dim
cameraman,4199,123564768.0,138116.484375,6155,791,128
coins,7144,47344292.0,153652.09375,3470,655,128
checkerboard,1225,87110368.0,1594082.25,196,134,128
astronaut,5942,165711248.0,229940.21875,3688,1105,128
